Registros,Fecha,CDSD,EMNT,EMXT,HDSD,TAVG,TMAX,TMIN
1,9/9/2018,955.0368,-6.9946,62.0087,3639.2535,57.0043,38.0079,30.0029
2,10/9/2018,81.082,13.0032,78.0056,1057.3349,76.0036,86.0057,87.0016
3,11/9/2018,184.0419,60.0009,61.01,3552.4159,25.0044,38.0085,39.0023
4,12/9/2018,107.0931,8.9995,60.0069,6632.0018,44.0076,80.007,81.0057
5,13/9/2018,60.0815,62.0021,95.0101,6263.1007,73.0075,45.0057,46.0028
6,14/9/2018,468.0563,-2.9956,86.0093,5008.6042,76.0059,77.0051,78.0051
7,15/9/2018,564.0618,-8,95.0099,1125.5192,29.004,69.0069,70.0025
8,16/9/2018,572.0334,8.0035,73.0097,3707.0428,55.0029,36.0062,37.0024
9,17/9/2018,1096.0882,47.0062,77.0093,2561.5305,42.0045,87.0076,88.0039
10,18/9/2018,9.006,17.0051,79.0079,2253.1757,76.0058,86.0062,87.0014
11,19/9/2018,573.0601,8.005,86.0079,1550.0791,77.0062,77.0079,78.0076
12,20/9/2018,340.0555,59.001,64.0062,5633.2096,43.0043,85.0071,86.005
13,21/9/2018,177.1027,61.0058,58.0064,3262.4342,61.0036,47.0073,48.0024
14,22/9/2018,1103.0954,62.9993,92.0095,2668.5134,36.0031,61.0062,62.0045
15,23/9/2018,88.0014,-8.9959,57.0067,4099.3068,26.0071,50.0065,51.0038
16,24/9/2018,402.0576,14.0013,69.0098,1226.4164,57.005,59.0075,60.0057
17,25/9/2018,1088.0045,52.0037,60.009,4897.637,25.0035,49.0077,50.0021
18,26/9/2018,1059.09,12.0038,69.009,4594.049,75.0031,68.0087,69.0059
19,27/9/2018,305.0944,41.9995,92.0086,3860.0249,75.0054,43.008,44.0037
20,28/9/2018,641.0321,25,84.0086,5415.4365,48.0038,62.0063,63.0022
21,29/9/2018,21.0169,16.0032,64.0075,152.1556,28.0073,58.0053,59.0056
22,30/9/2018,233.0624,50.999,98.0101,4856.455,55.0071,89.0072,90.0014
23,1/10/2018,812.0468,50.0019,59.0074,850.5969,49.0044,82.0038,83.0043
24,2/10/2018,678.0536,4.9993,77.007,3000.0236,68.007,34.007,35.0027
25,3/10/2018,253.0999,1.0004,85.0096,4699.0819,44.0061,34.0044,35.0032
26,4/10/2018,691.0817,56.0054,57.0094,6164.4575,48.0052,37.0058,38.0024
27,5/10/2018,1139.0657,5.0019,77.0079,3713.4667,77.006,82.0049,83.0081
28,6/10/2018,287.0305,56.0038,88.0074,3730.3851,76.0059,43.0076,44.0022
29,7/10/2018,374.0704,-13.9978,85.0093,1961.1167,37.0053,55.0052,56.0025
30,8/10/2018,1092.0131,-13.9967,78.0081,714.5902,47.0053,45.0075,46.0036
31,9/10/2018,931.1108,15.003,64.0097,484.1277,27.0076,62.0047,63.0046
32,10/10/2018,435.103,29.0021,55.0065,5819.2462,72.0027,68.0079,69.0017
33,11/10/2018,148.0152,24.0013,65.0088,2118.3984,55.0054,78.0075,79.003
34,12/10/2018,794.0196,-3.9988,86.0075,6553.0187,46.0039,89.0051,90.0067
35,13/10/2018,282.0208,46.0011,62.0059,4770.5837,51.0025,73.0083,74.0033
36,14/10/2018,991.0524,-7.9966,74.0058,2761.6318,78.0058,86.0083,87.0082
37,15/10/2018,833.0177,-4.0005,81.01,5503.3338,45.0045,75.0037,76.0027
38,16/10/2018,87.1,-9.995,91.0074,4567.5097,30.0069,38.0058,39.0038
39,17/10/2018,1040.0787,21.0052,99.0095,5337.2813,56.0045,48.007,49.0042
40,18/10/2018,266.0965,45.9989,67.0071,6572.6615,77.0062,67.004,68.0022
41,19/10/2018,658.0925,51,65.0086,297.0289,58.003,39.0055,40.0015
42,20/10/2018,744.027,32.0005,68.006,4899.1608,69.0047,48.0043,49.0037
43,21/10/2018,201.0533,3.0018,83.0081,1958.3676,67.0042,54.0044,55.0036
44,22/10/2018,302.0215,6.0001,56.0067,4441.0759,77.0051,68.0047,69.0023
45,23/10/2018,683.0208,-2.0009,79.008,2153.3413,70.0032,45.0062,46.0044
46,24/10/2018,1095.0027,39.0013,70.0068,1369.2422,75.0063,74.0064,75.0046
47,25/10/2018,21.0282,60.0052,88.0097,1242.1197,54.0065,49.0083,50.0039
48,26/10/2018,243.0589,53.0034,93.0074,620.5531,39.003,44.0059,45.0042
49,27/10/2018,969.026,51.9989,95.0059,6454.2952,29.0069,77.0047,78.005
50,28/10/2018,528.0635,5.0029,85.0069,2113.299,27.003,39.0077,40.0017
51,29/10/2018,27.073,12.0058,88.0081,4909.1677,46.0033,72.0052,73.0041
52,30/10/2018,617.0404,56.006,86.0098,5324.2857,26.0027,35.0086,36.0015
53,31/10/2018,381.0427,22.9987,98.0099,4215.1864,56.0071,60.0057,61.0028
54,1/11/2018,799.0538,3.0052,83.0061,5726.6054,54.0039,47.0062,48.0044
55,2/11/2018,600.0395,-7.9975,61.0079,3463.2024,76.0033,52.0064,53.0032
56,3/11/2018,733.1106,52.0044,94.0093,1530.0617,29.0074,66.0068,67.0031
57,4/11/2018,648.0989,1.9998,64.0068,3197.2843,57.0044,84.0081,85.0053
58,5/11/2018,1033.1054,-14.0003,73.0062,6147.4855,72.0031,50.0049,51.0019
59,6/11/2018,1088.0107,32.0005,61.0057,6054.3441,62.0072,84.0058,85.0029
60,7/11/2018,879.0456,28.0001,76.0095,3675.6056,39.0049,43.0068,44.0023
61,8/11/2018,28.0294,12.0045,93.0101,3907.6281,64.0047,84.0089,85.0031
62,9/11/2018,864.0346,56.0016,56.0091,3661.1266,45.0035,80.0084,81.0035
63,10/11/2018,351.0825,21.0007,64.0065,3392.3321,76.0039,69.0049,70.0052
64,11/11/2018,431.0615,11.0057,63.0081,258.2196,37.0034,37.004,38.0015
65,12/11/2018,859.0378,61.002,93.0058,4736.0946,37.0051,59.0067,60.0029
66,13/11/2018,800.1048,-9.0008,90.0073,1529.5361,59.0077,80.0086,81.0062
67,14/11/2018,633.0399,8.9991,83.0092,3891.1418,66.0039,34.0044,35.0022
68,15/11/2018,419.026,0.0034,60.0074,4941.0665,53.0062,60.0076,61.0031
69,16/11/2018,1022.0378,13.9995,74.0079,6137.2264,48.0041,44.0079,45.0032
70,17/11/2018,168.0629,36.0037,63.008,2849.0888,45.0051,52.0068,53.0045
71,18/11/2018,984.0408,-6.9938,83.0095,3845.0536,73.0073,83.0048,84.0046
72,19/11/2018,101.0048,47.9999,88.0063,1682.1048,48.0056,71.0065,72.0021
73,20/11/2018,733.0036,45.0033,86.0076,1207.2978,71.0034,63.0076,64.0038
74,21/11/2018,172.0445,33.006,56.0072,6465.1186,54.0063,71.0041,72.0052
75,22/11/2018,547.0984,31.9991,67.0078,1941.3317,51.0026,40.0042,41.0034
76,23/11/2018,884.0197,53.0029,89.0064,5308.4186,47.0054,35.0052,36.0017
77,24/11/2018,937.0613,-6.9941,59.0055,1065.6578,70.0059,69.0048,70.0037
78,25/11/2018,607.0094,8.0054,83.0079,5367.0991,48.0053,61.0087,62.0046
79,26/11/2018,823.0227,27.0017,58.008,1518.2509,75.0048,85.0067,86.0045
80,27/11/2018,419.1082,51.0062,78.008,4884.5534,58.0029,78.0079,79.0054
81,28/11/2018,434.0012,47.006,96.0081,4044.2438,71.0059,77.0034,78.0052
82,29/11/2018,452.0332,46.0057,73.0077,2779.2178,64.0067,53.0057,54.0033
83,30/11/2018,65.056,14.0051,71.0058,2250.4821,56.0049,55.0084,56.0016
84,1/12/2018,582.0441,42.0031,69.0076,4400.3177,47.0039,82.0057,83.0046
85,2/12/2018,553.0866,27.0019,85.006,3238.3551,48.003,76.0074,77.0041
86,3/12/2018,576.0306,3.9998,64.01,3207.6395,67.0069,71.0087,72.0027
87,4/12/2018,12.046,59.006,65.0091,4345.6097,58.0057,89.0055,90.0021
88,5/12/2018,235.0085,16.0029,101.0057,5804.2845,51.0068,65.0036,66.0045
89,6/12/2018,152.0292,37.9987,100.0062,5320.001,41.0065,68.008,69.0062
90,7/12/2018,686.0726,12.0046,55.007,4003.3525,45.0031,62.0084,63.0021
91,8/12/2018,840.0653,49.0037,55.0094,3036.3077,52.0045,53.0042,54.0042
92,9/12/2018,236.1036,-11.9982,62.0088,4914.1029,31.004,82.006,83.0051
93,10/12/2018,1008.0401,11.9994,81.009,3822.3043,26.0035,60.0047,61.0031
94,11/12/2018,55.0049,23.0014,68.0087,5115.1768,52.0037,42.0061,43.0041
95,12/12/2018,1102.0367,26.001,60.0093,5012.0374,33.0039,66.0052,67.0023
96,13/12/2018,575.0968,52.0059,57.0087,16.5246,74.0076,70.008,71.0023
97,14/12/2018,995.0166,55.0012,91.0089,1205.4455,37.0049,36.0075,37.0018
98,15/12/2018,697.1051,30.0028,94.0075,5037.6204,33.0032,36.0074,37.0017
99,16/12/2018,427.052,30.0037,87.0074,943.3183,66.0032,83.0035,84.005
100,17/12/2018,164.1031,38.9989,74.0068,4798.0385,47.0076,51.0077,52.004
101,18/12/2018,498.0434,-2.0006,91.0078,5139.1418,46.0074,37.0071,38.0018
102,19/12/2018,811.0986,62.006,68.0083,1273.1795,53.0073,35.0059,36.0031
103,20/12/2018,919.0014,34.0004,71.0086,2048.1884,42.0044,80.0063,81.0051
104,21/12/2018,695.0711,3.0045,79.0093,6574.6369,66.0075,79.0075,80.0017
105,22/12/2018,9.1022,19.9996,77.0076,5919.1234,67.0057,61.0046,62.0042
106,23/12/2018,657.0723,35.0047,79.0064,2892.4749,37.0025,59.0065,60.0051
107,24/12/2018,1053.0942,44.9991,58.0061,3101.4058,59.004,44.0083,45.0027
108,25/12/2018,232.0039,39.0033,76.0075,2369.3483,33.004,58.0052,59.0055
109,26/12/2018,1077.0834,49.0028,82.0056,1419.3554,77.0062,73.005,74.0029
110,27/12/2018,508.0978,0.0024,71.0095,6557.086,62.0076,88.0073,89.0063
111,28/12/2018,319.0185,18.0036,79.0081,3702.6279,66.0077,35.0071,36.0025
112,29/12/2018,866.1077,-3.9971,83.0058,1266.4868,59.0033,49.0087,50.003
113,30/12/2018,1029.0189,41.004,99.0088,5187.3672,77.0078,53.0046,54.0051
114,31/12/2018,1090.0123,31,55.01,194.2833,54.0055,79.0045,80.0025
115,1/1/2019,739.0595,49.9987,94.0075,5836.4029,48.0066,44.0087,45.0042
116,2/1/2019,698.0862,-4.0005,100.0083,6407.0071,37.007,70.0061,71.0019
117,3/1/2019,978.05,44.0007,78.0057,6366.2279,67.0034,55.0064,56.0018
118,4/1/2019,641.0741,7.0049,57.0094,4105.2013,77.0062,46.0037,47.0014
119,5/1/2019,846.0726,50.0042,95.0101,5308.5966,63.0027,68.0049,69.0028
120,6/1/2019,984.0478,26.0025,65.0079,5679.1377,44.0047,66.0049,67.002
121,7/1/2019,986.1021,-5.996,83.0079,876.1152,69.0057,86.0073,87.0083
122,8/1/2019,985.049,-3.9946,92.0056,4868.3497,27.0045,70.0064,71.0048
123,9/1/2019,741.0831,44.0005,96.0061,5747.4335,63.0046,66.0072,67.0014
124,10/1/2019,73.0887,30.0031,93.0066,5189.4091,60.0073,82.0069,83.0059
125,11/1/2019,1057.0748,24.0003,86.0093,2338.4331,51.0025,53.0087,54.0043
126,12/1/2019,582.108,3.0046,76.0075,4139.6337,67.0035,65.0049,66.0028
127,13/1/2019,126.0473,39.0005,75.0094,4571.3342,27.0055,52.0074,53.005
128,14/1/2019,19.0316,52.0053,92.0068,486.1883,68.006,89.0077,90.0037
129,15/1/2019,711.1123,52.0055,67.0066,4631.0518,69.0033,54.0087,55.0032
130,16/1/2019,1067.1087,0.0055,61.0071,5082.3501,71.0044,87.0061,88.0057
131,17/1/2019,1074.066,36.0004,76.0083,5252.4618,45.0048,48.0044,49.0031
132,18/1/2019,1163.1091,-2.0003,79.0067,2029.1894,54.0064,77.0063,78.0037
133,19/1/2019,380.0023,-14.001,94.0091,3556.3089,28.0064,34.0075,35.0025
134,20/1/2019,1051.0666,22.9992,101.008,4868.4622,62.0063,89.007,90.0025
135,21/1/2019,488.0552,46.0057,97.0094,5228.2225,49.0054,70.0084,71.0066
136,22/1/2019,357.022,55.0017,92.0056,2879.0111,36.0075,80.0048,81.0065
137,23/1/2019,742.1007,52.0035,77.0056,3136.4708,25.0074,80.0079,81.0061
138,24/1/2019,1139.0397,46.0004,71.0096,438.133,40.0057,70.0046,71.0043
139,25/1/2019,1028.0119,53.0037,94.008,1825.4368,60.0073,52.0067,53.0031
140,26/1/2019,378.0138,5.003,88.0076,1477.3335,41.0056,66.0081,67.0016
141,27/1/2019,614.055,-4.9938,83.0076,4506.1418,45.0049,87.0048,88.0078
142,28/1/2019,331.0882,11.999,67.0094,4856.4893,47.0051,37.0082,38.0032
143,29/1/2019,83.0735,15.9999,100.0099,3421.1324,59.0059,35.0058,36.0034
144,30/1/2019,1147.0072,54,101.0093,4296.2239,65.0077,83.0071,84.0072
145,31/1/2019,1107.0643,10.0019,98.0068,567.0327,37.0051,77.0085,78.0044
146,1/2/2019,106.0724,45.9999,95.0056,3669.4171,74.0075,64.0061,65.0021
147,2/2/2019,739.0187,54.0056,101.0095,3345.2828,33.0076,71.0076,72.0014
148,3/2/2019,6.0531,36.0062,94.0056,707.5722,65.0051,43.0055,44.0028
149,4/2/2019,979.0558,-4,59.0098,6407.2677,27.0072,42.0089,43.0031
150,5/2/2019,1147.0717,-9.9957,83.0075,5594.6602,28.0052,86.0047,87.0073
151,6/2/2019,818.0968,37.0061,95.0064,3586.613,73.0062,39.0085,40.0015
152,7/2/2019,221.0046,26.0037,69.0096,2565.5134,29.0032,34.0049,35.0027
153,8/2/2019,283.0846,23.0044,96.0061,1900.5715,66.0032,44.0036,45.0039
154,9/2/2019,161.1131,14.005,73.0082,2733.6615,30.0032,77.008,78.0027
155,10/2/2019,522.0539,61.0034,70.0086,1646.0585,51.0076,41.007,42.0032
156,11/2/2019,671.0503,51.006,74.0093,5793.3469,33.0033,56.0078,57.0025
157,12/2/2019,1139.0823,33.001,92.0082,3864.2458,36.0054,84.0053,85.0068
158,13/2/2019,1090.0926,-4.9993,74.006,4381.5936,42.0078,39.0039,40.003
159,14/2/2019,615.0979,-2.0007,90.0084,2967.5291,28.0073,39.0071,40.0022
160,15/2/2019,965.0441,9.0039,67.0066,963.2481,55.0051,51.0045,52.0026
161,16/2/2019,361.0954,33.9986,68.0092,1385.5872,75.0051,42.0079,43.0042
162,17/2/2019,921.083,3.003,80.0079,4462.0836,73.0075,57.0055,58.0026
163,18/2/2019,429.0751,34.0057,64.0075,2003.6482,35.0045,72.0081,73.0042
164,19/2/2019,31.1092,-6.9994,64.0068,4077.1933,47.0071,50.0045,51.003
165,20/2/2019,264.0206,45.005,69.0075,2269.354,68.0025,80.0043,81.0038
166,21/2/2019,721.1102,6.0023,96.0069,6644.1796,30.0067,41.0071,42.0022
167,22/2/2019,746.1148,10.9991,64.0081,2718.3364,42.0037,56.0061,57.0047
168,23/2/2019,1096.098,43.0049,99.0097,4544.2995,41.0072,38.005,39.0032
169,24/2/2019,368.0806,17.0013,80.009,3324.0425,26.0044,51.0046,52.0023
170,25/2/2019,574.1163,59.005,77.0086,1702.4818,76.0075,49.0071,50.0017
171,26/2/2019,99.019,-2.0005,86.0071,6395.1501,61.0061,65.005,66.0038
172,27/2/2019,189.0996,6.0037,95.0075,5063.1093,30.0033,62.0078,63.0053
173,28/2/2019,47.0475,-11.9959,64.0099,2393.5334,29.0037,70.0043,71.0055
174,1/3/2019,87.0766,35.0019,95.0088,5567.6377,36.0048,56.0046,57.0052
175,2/3/2019,486.1022,-13.9981,70.0063,3840.1286,48.0073,66.0037,67.0066
176,3/3/2019,166.0539,41.0043,101.0094,119.4497,71.003,46.0086,47.004
177,4/3/2019,774.0057,44.9994,91.0099,6475.2877,45.0032,70.0077,71.0061
178,5/3/2019,590.0539,32.9998,70.0081,4845.6112,72.0051,53.0044,54.0045
179,6/3/2019,1067.0354,33.999,83.0086,2733.3385,32.0057,44.0036,45.0027
180,7/3/2019,55.0508,44.0007,70.007,2141.6094,63.0043,47.0067,48.0024
181,8/3/2019,354.052,55.9986,87.0063,1740.5027,76.0043,69.0039,70.0052
182,9/3/2019,38.0236,59.0062,85.0061,5113.3711,56.006,70.0088,71.0031
183,10/3/2019,327.0653,46.0032,86.01,258.4496,29.0035,71.0071,72.0018
184,11/3/2019,532.1166,-10.995,96.0091,3178.1404,53.0066,41.0056,42.0036
185,12/3/2019,495.0069,61.0027,60.0078,594.5744,51.0077,70.0036,71.0068
186,13/3/2019,622.0036,35.0002,96.006,213.3274,35.0039,62.0053,63.0014
187,14/3/2019,86.1069,-7.0011,86.0085,679.499,64.0058,52.0037,53.0024
188,15/3/2019,561.1164,15.0025,68.0055,1439.2068,42.0064,56.0089,57.0033
189,16/3/2019,218.0922,-4.9937,97.0078,3171.5934,30.0062,53.0074,54.0042
190,17/3/2019,214.0134,42,75.0073,2494.522,37.006,45.0067,46.0027
191,18/3/2019,473.0509,0.0002,57.0085,3908.5026,38.0063,42.0059,43.0027
192,19/3/2019,546.0063,-1.9955,77.0075,2311.2054,44.0051,39.0035,40.0029
193,20/3/2019,712.0535,2,70.0081,5238.1205,49.0074,36.0047,37.0022
194,21/3/2019,25.0054,18.0013,101.0057,4758.0224,38.0043,57.0053,58.0045
195,22/3/2019,1008.0605,14.9989,69.0066,2114.0639,56.0067,44.0047,45.0042
196,23/3/2019,62.0343,42.0023,60.01,2153.3709,66.0052,65.005,66.0053
197,24/3/2019,935.0717,15.0051,66.0059,2702.1769,57.0033,75.0051,76.0022
198,25/3/2019,184.0706,58.0045,69.0071,3339.4825,33.0065,66.0072,67.0035
199,26/3/2019,1006.1129,-4.9953,55.0073,4386.3302,51.0062,81.0085,82.0025
200,27/3/2019,46.0829,40.0018,92.0087,159.1734,52.0073,39.004,40.0015
201,28/3/2019,764.0063,18.9988,76.0066,3346.3468,69.0054,65.0062,66.0017
202,29/3/2019,711.0325,28.003,66.0076,789.2725,26.0042,88.0063,89.0053
203,30/3/2019,457.1078,-7.9974,98.007,6614.6655,63.0037,42.0082,43.004
204,31/3/2019,329.0727,36.0031,92.0086,1465.0054,76.006,73.0049,74.0033
205,1/4/2019,28.0509,19.006,77.0068,1594.3093,64.0062,40.0083,41.0032
206,2/4/2019,600.0917,20.0032,67.0078,1516.4045,61.0078,83.0061,84.0058
207,3/4/2019,332.0185,16.0035,66.0085,6524.3143,44.0054,49.0082,50.0038
208,4/4/2019,888.054,51.0027,98.0062,1832.5364,33.005,47.0037,48.0044
209,5/4/2019,129.036,31.0002,94.0087,3936.359,75.0042,58.0055,59.005
210,6/4/2019,649.0629,37.0007,68.0061,2278.1253,48.0025,60.0086,61.0026
211,7/4/2019,572.1109,2.0011,63.007,2991.6549,55.0037,64.0082,65.0037
212,8/4/2019,1149.0262,10.0033,89.0079,5262.033,72.0048,66.0074,67.0053
213,9/4/2019,144.0048,34.0042,87.0076,93.1288,41.0064,66.007,67.0025
214,10/4/2019,1002.029,42.0057,88.006,6172.067,30.004,60.0081,61.0045
215,11/4/2019,1123.0798,-6.0003,68.0065,4254.4358,76.0056,74.0061,75.0045
216,12/4/2019,178.005,-13.0007,79.0062,5732.5989,58.005,80.0071,81.0017
217,13/4/2019,620.0413,49.0001,71.0078,5632.297,33.0059,39.0044,40.0032
218,14/4/2019,422.0988,-0.0008,74.0077,2571.0686,57.0065,57.0083,58.0016
219,15/4/2019,971.0777,8.0011,71.0069,1351.0538,33.0038,41.0067,42.0035
220,16/4/2019,381.0141,45.0043,63.0058,3094.5158,50.0076,44.0061,45.0039
221,17/4/2019,1143.0946,41.9999,70.0079,3767.3061,64.0077,62.0074,63.0029
222,18/4/2019,991.0951,-2.9961,63.006,2108.5239,73.0028,41.0055,42.0023
223,19/4/2019,688.0175,1.0017,99.0078,5855.2111,38.0062,54.0055,55.0033
224,20/4/2019,767.0846,19.0059,56.0062,5864.0397,78.006,67.0066,68.0065
225,21/4/2019,792.0923,61.0001,96.0058,351.4048,67.0046,47.0055,48.0039
226,22/4/2019,52.1157,27.0023,96.0069,6628.2209,64.0046,39.0079,40.0028
227,23/4/2019,368.0453,-1.997,84.0082,1313.5812,77.007,75.0066,76.0029
228,24/4/2019,535.0415,57.9991,66.0067,1833.4649,33.0069,68.0086,69.005
229,25/4/2019,447.0042,20.0059,66.0092,1247.1916,50.0068,47.0057,48.0015
230,26/4/2019,477.0318,56.0009,95.0091,3384.0534,73.0043,53.0047,54.0052
231,27/4/2019,418.1016,-0.997,59.0065,233.5796,49.0068,58.0073,59.0057
232,28/4/2019,517.04,63.0021,92.0073,3984.4495,32.0068,49.005,50.0046
233,29/4/2019,855.1022,-1.994,73.0064,5018.0508,31.0069,78.0041,79.0057
234,30/4/2019,416.1039,20,76.0058,5527.6301,54.0025,62.0054,63.0029
235,1/5/2019,551.11,60.9994,56.0076,4483.5337,50.0054,40.0066,41.0034
236,2/5/2019,1008.0844,29.9993,68.0092,6473.4449,25.007,63.0084,64.004
237,3/5/2019,358.0998,31.005,72.0063,5505.3799,65.0069,54.0069,55.0016
238,4/5/2019,128.0836,28.0058,62.0058,3146.6569,66.005,37.0082,38.0027
239,5/5/2019,63.0395,33.0036,77.0073,6301.3029,60.0061,52.0047,53.0034
240,6/5/2019,869.1094,27.0048,85.008,511.024,60.003,56.006,57.0036
241,7/5/2019,911.0139,54.0037,61.008,5532.1573,25.0056,39.0073,40.0024
242,8/5/2019,554.0478,47.0047,79.0096,5113.1726,60.0075,52.0037,53.0037
243,9/5/2019,447.059,0.0035,58.008,4701.2715,37.0053,41.0052,42.0014
244,10/5/2019,182.0816,-1.9981,97.0097,212.6315,47.004,35.0067,36.0019
245,11/5/2019,157.0966,6.0022,96.0091,3239.2845,33.0053,81.0047,82.0044
246,12/5/2019,813.0985,62.0035,96.0095,1713.5578,60.0049,36.0072,37.002
247,13/5/2019,1089.0677,5.0002,60.0072,2967.4597,58.0032,39.0047,40.0029
248,14/5/2019,688.1075,25.9991,92.0085,212.0791,56.0061,86.0048,87.0046
249,15/5/2019,351.0683,-5.994,69.0064,2618.3165,48.0033,71.0065,72.0055
250,16/5/2019,37.1026,12.0001,62.006,2548.391,69.0072,36.0088,37.0026
251,17/5/2019,655.0808,-12,69.0091,871.3425,57.0064,71.0061,72.0042
252,18/5/2019,558.0848,47.0048,77.0083,630.2798,66.0039,36.0083,37.0019
253,19/5/2019,130.0226,18.001,73.0058,1887.6553,43.0052,39.0062,40.0023
254,20/5/2019,793.0987,21.006,56.0069,3706.0259,61.0067,35.0079,36.0031
255,21/5/2019,290.0853,3.0021,60.0061,4348.323,25.007,74.0066,75.0073
256,22/5/2019,933.0455,45.0005,69.0068,5289.2692,42.0062,55.0084,56.0035
257,23/5/2019,16.1101,11.0022,59.0093,4118.2448,58.0061,77.0054,78.0062
258,24/5/2019,889.0187,6.0031,74.0092,243.4631,33.0067,83.004,84.0039
259,25/5/2019,610.0595,-11.9965,99.0074,5290.1144,44.0049,72.0054,73.0018
260,26/5/2019,834.1099,-11.9959,65.01,550.5038,44.0039,79.0078,80.0047
261,27/5/2019,303.07,25.006,89.0071,840.2878,53.0035,36.0049,37.0015
262,28/5/2019,764.0705,39.9987,71.0065,2193.4309,53.0058,87.0045,88.0052
263,29/5/2019,145.0732,-8.9983,84.0093,3848.0833,35.0068,54.0068,55.0028
264,30/5/2019,128.0823,54.0029,88.0065,5062.3894,77.004,60.0087,61.0051
265,31/5/2019,1008.1068,63.0014,63.0076,6454.6162,32.0036,48.005,49.0036
266,1/6/2019,775.0446,-1.9992,84.0099,6288.4675,28.0065,47.0052,48.0035
267,2/6/2019,44.0498,47.0043,82.0078,726.4877,74.0074,68.0045,69.0025
268,3/6/2019,777.0232,-13.0006,67.0095,1720.6421,39.003,86.0082,87.0065
269,4/6/2019,295.0973,19.0035,92.0063,4425.5418,78.0038,69.0073,70.0064
270,5/6/2019,778.0134,49.0016,56.0098,5637.3926,62.0031,66.0083,67.0046
271,6/6/2019,983.0881,13.0043,95.0056,4395.1327,60.0071,50.0035,51.0029
272,7/6/2019,581.0322,59.0027,59.0072,3118.6124,62.0036,48.0045,49.0014
273,8/6/2019,1084.0591,-7.9984,66.0063,5759.0616,64.0078,84.0036,85.0083
274,9/6/2019,974.0275,25.0017,85.0076,6451.6269,44.0048,49.005,50.0039
275,10/6/2019,729.071,31.0042,92.0096,4235.2133,50.0028,81.0036,82.0041
276,11/6/2019,852.0916,-2.9976,64.0068,1180.3035,40.0066,86.0061,87.0019
277,12/6/2019,630.0957,61.0035,60.0098,2874.2734,71.0048,52.0034,53.0015
278,13/6/2019,698.1029,-2.9973,90.0062,784.2973,38.0028,75.0061,76.0023
279,14/6/2019,216.0765,-0.996,77.0091,6563.2811,36.0051,66.0062,67.0043
280,15/6/2019,282.0476,-12.0001,82.0089,2482.4376,56.0066,89.0082,90.0032
281,16/6/2019,758.0689,26.0036,101.0096,2528.2705,53.0069,48.0071,49.0022
282,17/6/2019,1084.0381,50.0027,68.0079,544.4802,35.0035,41.0044,42.0016
283,18/6/2019,97.0234,32.0002,77.0088,2687.6484,72.0026,36.0089,37.002
284,19/6/2019,867.1069,34.0005,60.009,167.3274,67.0041,40.0085,41.004
285,20/6/2019,329.0526,47.9996,56.0084,5523.2647,59.0025,82.0061,83.0057
286,21/6/2019,578.021,51.0019,98.0094,5714.0864,47.0025,87.0081,88.0067
287,22/6/2019,279.0152,2.9995,82.0096,3299.4517,65.0051,54.0076,55.0049
288,23/6/2019,97.0377,-7.0007,72.0099,3738.3371,63.0045,75.006,76.0073
289,24/6/2019,246.0042,62.0056,99.0075,2221.2455,64.0067,53.0047,54.004
290,25/6/2019,621.0108,36.0018,94.0057,3553.2946,62.005,86.0054,87.0028
291,26/6/2019,345.0139,26.0017,63.0063,4062.5903,68.0039,36.0067,37.003
292,27/6/2019,72.0014,10.9997,90.0061,3900.4677,41.0037,60.0085,61.0052
293,28/6/2019,501.041,5.0028,63.0097,1165.0522,36.0039,45.0047,46.0043
294,29/6/2019,976.04,-8.9993,69.0096,3252.5437,40.0032,44.0042,45.0021
295,30/6/2019,616.0452,63.0017,97.006,3763.5566,50.0046,76.0035,77.0021
296,1/7/2019,75.021,32.0055,82.0077,1278.2298,66.0069,67.0073,68.0026
297,2/7/2019,639.0181,59.001,56.008,2818.3721,68.0048,76.0088,77.0023
298,3/7/2019,422.1113,63.0055,70.0068,3584.5868,62.0041,62.0035,63.0022
299,4/7/2019,302.0705,1.001,57.0068,3975.5877,70.0068,38.0052,39.0033
300,5/7/2019,416.1001,33.0037,86.0072,5170.5746,65.0032,57.0076,58.002
301,6/7/2019,656.0699,61.0024,100.0095,1241.2603,76.0032,78.0038,79.0061
302,7/7/2019,325.1061,-0.0004,80.0084,485.5529,30.0057,55.0036,56.0055
303,8/7/2019,920.1072,35.0045,71.0056,3749.5646,41.0077,77.0043,78.005
304,9/7/2019,37.1049,57.0056,82.008,4593.252,55.0067,75.0048,76.0066
305,10/7/2019,522.0751,38.0005,95.009,5969.1077,49.0031,35.0039,36.0026
306,11/7/2019,401.0442,42.0014,69.0101,1041.3156,56.0066,72.0086,73.0065
307,12/7/2019,108.0921,11.0034,71.008,4465.4947,49.0059,49.0062,50.0043
308,13/7/2019,702.0355,-10.9949,60.0088,889.1369,65.0046,64.0055,65.0045
309,14/7/2019,187.0751,-12.9954,100.0066,409.3284,31.0057,75.0075,76.0028
310,15/7/2019,729.0498,47.005,74.0097,2455.1221,27.0045,84.0082,85.0078
311,16/7/2019,862.0905,-4.9945,55.0089,4653.4886,38.0042,54.0035,55.0029
312,17/7/2019,176.0774,-10.9966,83.0074,4497.4721,37.0041,58.0082,59.0047
313,18/7/2019,798.0144,-12.996,99.0071,3924.1676,75.0076,60.0059,61.0049
314,19/7/2019,495.0618,-7.9999,71.0095,3130.0184,42.0031,55.0078,56.0035
315,20/7/2019,1127.0106,-3.9965,88.008,1513.0843,52.005,80.0065,81.0062
316,21/7/2019,971.0046,33.0003,99.0092,1238.5975,29.0044,79.0037,80.0057
317,22/7/2019,204.0687,2.9987,92.0063,4622.1995,64.0053,43.0076,44.004
318,23/7/2019,797.106,-6.9976,76.0067,1689.4421,65.0069,70.0044,71.005
319,24/7/2019,972.0211,40.002,74.0075,4558.5935,41.005,49.0064,50.0036
320,25/7/2019,927.0435,11.0003,90.01,4464.4789,46.0035,41.0035,42.0032
321,26/7/2019,61.0313,57.0031,56.0093,5980.4797,66.0065,34.0073,35.0028
322,27/7/2019,21.0166,16.0004,74.009,705.0376,66.0066,68.0054,69.0035
323,28/7/2019,743.0033,17.9998,68.0064,126.527,70.0036,72.0047,73.0037
324,29/7/2019,748.0472,62.006,74.0064,1554.6254,55.0044,54.0059,55.0049
325,30/7/2019,912.0778,35.0022,90.0066,5189.2794,56.0046,70.0066,71.0042
326,31/7/2019,605.0794,0.0045,84.008,337.0361,71.0051,48.0058,49.0026
327,1/8/2019,618.0962,9.0053,58.0099,867.144,69.0073,69.0041,70.0023
328,2/8/2019,499.0094,13.0009,77.007,6395.5751,33.0039,64.0045,65.0035
329,3/8/2019,601.046,-5.9975,101.0063,1483.3355,49.0068,51.004,52.0014
330,4/8/2019,1119.0367,-7.9995,86.0081,5302.6255,56.0078,44.0052,45.002
331,5/8/2019,601.0095,-2.0007,86.009,617.1592,65.0059,52.0082,53.0045
332,6/8/2019,377.001,48.0021,79.0075,1521.0373,55.0057,75.0059,76.0075
333,7/8/2019,295.0838,25.0035,88.0095,3352.2926,38.0033,42.0047,43.002
334,8/8/2019,138.0448,-9.0003,64.0061,6274.1725,30.0063,87.0047,88.0057
335,9/8/2019,241.0103,3.9991,67.0063,1556.4806,74.0028,35.0052,36.0024
336,10/8/2019,811.0624,15.0051,95.0098,6533.0175,56.0059,82.0069,83.0042
337,11/8/2019,900.0045,56.0009,61.0083,6076.4743,30.0038,85.0042,86.0018
338,12/8/2019,640.0008,41.0053,64.0101,2374.2452,45.0055,48.0066,49.0027
339,13/8/2019,1019.0769,20.0005,70.0061,464.6247,76.0035,50.0078,51.003
340,14/8/2019,675.0025,48.0015,90.0067,3799.5112,27.0048,69.0038,70.0069
341,15/8/2019,448.092,46.0041,79.0087,6001.1307,45.0035,45.0054,46.0043
342,16/8/2019,1011.025,-9.9976,80.0099,1333.2456,72.0063,37.0062,38.0036
343,17/8/2019,163.1054,3.0018,99.0101,6327.4751,36.0053,43.0049,44.0022
344,18/8/2019,225.0779,48.9989,55.0086,5672.2564,75.0042,46.005,47.0037
345,19/8/2019,914.0273,35.0047,60.0064,5131.0457,53.0055,55.0053,56.0044
346,20/8/2019,652.0627,-3.9989,91.0055,5990.2642,48.0043,66.0056,67.0066
347,21/8/2019,677.0191,46.0006,68.0064,1215.0931,49.0067,74.0049,75.0022
348,22/8/2019,346.1025,22.004,101.0057,5014.5415,44.0051,74.0075,75.007
349,23/8/2019,548.0879,-8.0004,71.0095,5466.4835,70.0034,72.0055,73.0041
350,24/8/2019,124.0096,42.0017,77.0072,3570.0218,56.0065,53.0049,54.0023
351,25/8/2019,693.0898,58.0056,64.0084,2594.2885,52.0037,48.005,49.0046
352,26/8/2019,1108.0317,57.002,67.0083,3500.5154,73.0061,34.0078,35.0018
353,27/8/2019,1037.077,-11.9996,79.0076,6478.3013,43.0054,39.0087,40.0018
354,28/8/2019,462.0474,5,70.0058,6243.6196,42.0072,39.0046,40.0032
355,29/8/2019,70.0987,14.0043,81.0081,3385.6562,62.0048,78.0083,79.0053
356,30/8/2019,685.0166,63.0026,55.0068,5912.1002,33.0038,64.0039,65.0033
357,31/8/2019,930.1125,24.9999,60.0081,821.083,51.0054,60.0083,61.0034
358,1/9/2019,935.091,41.9994,90.0067,4270.4014,29.0026,45.0054,46.0025
359,2/9/2019,1112.0999,53.004,74.0077,921.4959,69.0078,73.0057,74.0036
360,3/9/2019,68.0555,44.0046,77.0062,2192.6651,38.0041,43.0049,44.0043
361,4/9/2019,127.0563,0.0014,70.0056,2429.4097,35.0058,52.0074,53.002
362,5/9/2019,975.0191,39.9998,61.01,552.2838,48.0073,66.0044,67.0051
363,6/9/2019,343.0335,50.9994,81.0082,5899.2853,70.0027,63.005,64.0044
364,7/9/2019,1020.0803,27.0055,64.0091,5035.6623,63.0035,77.005,78.0063
365,8/9/2019,870.0982,47.9999,76.0074,3688.1902,33.0036,53.0046,54.0016
366,9/9/2019,836.0695,2.0056,59.0057,4565.6641,46.0073,85.0043,86.0079
367,10/9/2019,96.058,18.0014,98.0068,2513.5855,78.0043,48.0053,49.0014
368,11/9/2019,1100.0346,-3.9945,87.0063,86.5293,63.0058,34.007,35.0033
369,12/9/2019,864.0388,14.9994,93.0055,4784.1231,74.0033,75.0086,76.0024
370,13/9/2019,1162.079,26.0011,98.0084,2524.0613,38.0052,53.0081,54.0043
371,14/9/2019,17.0586,43.0048,59.0061,4102.4145,64.004,55.0072,56.0042
372,15/9/2019,514.0488,59.0052,85.0065,2631.1799,25.0069,38.0046,39.0016
373,16/9/2019,314.0227,31.0062,76.0069,895.4418,67.006,44.0052,45.0016
374,17/9/2019,522.0181,11.0008,84.0069,2707.5042,55.0053,75.0069,76.0072
375,18/9/2019,822.0482,11.9991,71.0069,5546.4197,31.0074,75.0054,76.002
376,19/9/2019,824.0694,-9.0002,73.0088,266.5328,55.0047,40.0055,41.0023
377,20/9/2019,261.0229,40.0035,57.0063,1997.2483,58.0043,73.0051,74.0034
378,21/9/2019,894.0958,28.0014,94.0059,2803.4007,51.0038,40.0067,41.0025
379,22/9/2019,883.0129,8.9999,87.0056,3905.0015,35.0033,58.0047,59.0057
380,23/9/2019,186.1071,-7.997,69.0092,149.5353,29.005,73.0057,74.0022
381,24/9/2019,441.0174,34.0045,71.0061,5459.4892,28.0077,70.0082,71.003
382,25/9/2019,666.0727,14.0049,93.0096,6327.6027,35.0045,51.0039,52.0048
383,26/9/2019,868.1145,20.0049,94.0093,3853.2774,57.0066,38.006,39.0019
384,27/9/2019,542.1113,9.9991,78.0083,5895.4322,70.0066,37.0088,38.0024
385,28/9/2019,17.0857,31.0001,92.0064,1501.5994,63.0027,44.0061,45.0032
386,29/9/2019,1017.0988,42.0058,78.0057,2703.4956,78.0033,62.0076,63.0023
387,30/9/2019,577.007,46.0059,96.0065,2577.3883,37.0025,41.005,42.004
388,1/10/2019,620.0628,57.0039,60.0077,783.3175,70.0066,67.0042,68.004
389,2/10/2019,866.0593,-8.0009,95.0097,4251.5286,52.0064,79.0054,80.0037
390,3/10/2019,1122.0748,50.0022,86.0074,1118.2084,52.0059,39.0059,40.0038
391,4/10/2019,354.0907,49.0015,60.0098,5105.6451,43.0077,62.0055,63.0039
392,5/10/2019,87.1012,52.0051,78.0066,2135.3762,40.0047,73.0055,74.0054
393,6/10/2019,529.0946,-7.0001,57.0084,2425.1471,40.0031,41.0073,42.0018
394,7/10/2019,846.0636,33.0052,82.0057,4439.084,56.0074,65.0073,66.0041
395,8/10/2019,621.0753,19.0006,83.0088,4446.0876,25.0036,44.0037,45.0026
396,9/10/2019,405.025,52.0004,75.0063,6091.1308,34.0068,56.0037,57.0028
397,10/10/2019,426.0522,14.001,56.0066,1210.1409,48.0077,85.0088,86.0058
398,11/10/2019,325.0972,51.0016,84.0087,5104.1219,46.0056,45.006,46.0042
399,12/10/2019,950.0882,18.0052,90.0096,5877.1329,55.0051,39.0058,40.0039
400,13/10/2019,810.1146,2.0006,98.0089,6306.1384,59.0072,70.0058,71.0052
401,14/10/2019,991.0436,0.9998,75.01,2143.5422,33.0049,49.0053,50.0022
402,15/10/2019,193.0543,8.0016,73.0082,3264.4136,78.0059,47.008,48.0016
403,16/10/2019,439.1146,16.0029,78.0057,1692.26,63.0075,38.0054,39.0018
404,17/10/2019,475.0461,10.0052,77.0093,2220.5464,46.0028,43.0041,44.0022
405,18/10/2019,667.0294,32.0042,94.01,3634.2994,25.0066,81.0047,82.0055
406,19/10/2019,665.1139,11.9995,86.0097,4594.5232,64.0036,73.0084,74.0049
407,20/10/2019,106.0526,5.0056,99.0066,5189.2624,31.0059,65.0077,66.0024
408,21/10/2019,806.1118,15.0016,95.0089,337.2776,51.0073,77.0065,78.0055
409,22/10/2019,1088.0187,16.0006,82.0082,6321.3633,29.0032,37.0051,38.0019
410,23/10/2019,698.1029,58.9988,94.0077,3181.2763,76.0077,48.0069,49.0014
411,24/10/2019,1163.0075,21.0043,87.0091,2003.6121,61.0029,43.0074,44.0021
412,25/10/2019,775.073,7.0024,69.0057,6131.3136,27.0056,77.0039,78.0021
413,26/10/2019,913.0419,45.003,67.0055,5134.4995,30.0032,46.0034,47.004
414,27/10/2019,721.0833,-1.9937,70.006,5472.1983,72.0072,63.0074,64.0025
415,28/10/2019,323.1089,-5.0008,60.0069,341.6059,41.0042,87.0046,88.008
416,29/10/2019,1085.0329,26.0028,71.0077,3532.01,78.0034,60.0072,61.0056
417,30/10/2019,114.0651,28.0047,89.0078,5990.1731,41.0068,72.0075,73.0055
418,31/10/2019,1076.0499,-7.9994,92.0061,3438.4739,47.0078,60.0068,61.0049
419,1/11/2019,233.0557,28.0022,65.0078,3592.2225,54.0057,38.0052,39.0029
420,2/11/2019,278.115,47.0044,66.0073,478.0083,64.0049,38.0088,39.0027
421,3/11/2019,172.0457,-10.9981,63.0065,3345.6606,66.003,79.0066,80.0062
422,4/11/2019,1014.1035,6.0031,89.0077,6511.14,37.0072,46.0082,47.0027
423,5/11/2019,931.0294,50.9988,58.0098,1132.1373,25.0066,38.0076,39.0015
424,6/11/2019,376.1084,15.9986,63.0086,5402.2586,30.0049,81.0066,82.0015
425,7/11/2019,381.0975,3.0028,98.0062,4808.3267,56.0036,34.007,35.0032
426,8/11/2019,191.0389,21.0023,92.0071,940.2307,65.0051,59.0043,60.0024
427,9/11/2019,1141.0194,54.9999,69.0099,4842.5479,75.0071,38.0041,39.0031
428,10/11/2019,765.0773,2.9999,56.0096,842.6405,25.0076,79.0062,80.0054
429,11/11/2019,205.0135,56.9999,72.0086,5856.331,65.005,57.0083,58.0046
430,12/11/2019,585.0994,53.0055,74.0096,748.4436,61.0066,46.0044,47.0014
431,13/11/2019,634.0508,38.0005,90.0075,747.5422,66.006,41.0056,42.0038
432,14/11/2019,90.0799,9.0026,76.0096,3260.6419,29.0039,45.0072,46.0028
433,15/11/2019,906.035,34.9991,66.0066,6388.0164,62.0053,42.0078,43.0032
434,16/11/2019,910.0628,34.9995,78.0059,5986.5302,27.003,56.0066,57.0038
435,17/11/2019,265.105,12.0048,79.0079,6654.0275,53.0027,36.0069,37.0036
436,18/11/2019,957.0167,57.9989,69.0064,1209.5933,53.0045,37.0083,38.0021
437,19/11/2019,879.0602,18.0041,66.0064,221.1365,44.004,72.0043,73.0022
438,20/11/2019,689.07,-9.9949,60.0074,6645.2245,28.0071,53.008,54.0015
439,21/11/2019,763.0355,2.0011,62.0096,2892.2328,61.0043,61.0039,62.0025
440,22/11/2019,714.0723,44.9997,74.0087,6369.415,78.0044,51.0065,52.0025
441,23/11/2019,1019.037,47.9986,91.0094,2580.4071,75.0054,62.0087,63.0015
442,24/11/2019,909.0682,41.9996,75.0087,6287.382,34.0049,49.0063,50.0028
443,25/11/2019,364.0198,-9.9957,63.0094,3549.6049,39.0076,37.0038,38.0015
444,26/11/2019,1100.0553,14.0048,86.0082,99.238,78.0075,83.0046,84.0068
445,27/11/2019,252.0257,55.0004,72.0101,5028.2668,46.0053,43.0051,44.0043
446,28/11/2019,610.0017,38.0047,100.0086,3637.2475,39.003,62.0052,63.0049
447,29/11/2019,749.0099,12.0048,96.0089,6165.1519,30.0047,64.0039,65.0059
448,30/11/2019,896.0055,34.0045,72.0067,5555.6423,67.0054,49.0048,50.0017
449,1/12/2019,1079.058,26.0035,100.0066,6502.3515,65.0027,61.0085,62.0039
450,2/12/2019,887.0062,63.0035,89.0099,4492.5031,51.007,88.0074,89.0079
451,3/12/2019,671.0037,61.0061,64.0085,1450.2557,55.0059,45.0081,46.0033
452,4/12/2019,261.038,29.0012,78.01,4163.6546,25.0055,80.0055,81.0057
453,5/12/2019,165.0615,33.0033,59.0065,5152.366,53.0032,34.0079,35.0016
454,6/12/2019,4.0671,62.0015,75.0098,4211.2009,38.0058,81.0042,82.0053
455,7/12/2019,1087.1109,31.0012,71.0057,2711.1835,41.0054,40.0061,41.0016
456,8/12/2019,498.0228,43.003,96.0082,5083.6639,52.0039,62.0059,63.0018
457,9/12/2019,1130.1108,-4.9957,65.0077,3252.3432,35.0035,62.0056,63.0016
458,10/12/2019,500.0454,2.0031,88.0074,4711.3443,31.0072,44.0056,45.0015
459,11/12/2019,749.0913,45.9988,73.0094,1248.3033,62.0059,47.0052,48.0032
460,12/12/2019,350.0519,-11.9941,71.0065,3058.2855,63.0025,76.0066,77.006
461,13/12/2019,1083.0735,-7,98.0075,1494.2187,26.0041,60.0045,61.0015
462,14/12/2019,925.052,16.0061,97.008,5430.0687,71.0077,86.0084,87.007
463,15/12/2019,1107.0593,18.0062,86.0074,4910.0917,51.0034,65.0054,66.0029
464,16/12/2019,986.0537,-6.9952,85.0097,1343.0805,25.0032,68.0064,69.0027
465,17/12/2019,934.0553,48.9986,101.0089,350.183,27.0062,73.0035,74.0044
466,18/12/2019,1018.0026,-0.9946,83.0092,4737.2707,37.0046,41.0077,42.0026
467,19/12/2019,247.0766,-6.9959,81.0075,2580.5301,52.003,64.0063,65.0059
468,20/12/2019,1018.0916,19.0027,80.0055,2542.5336,57.0047,61.008,62.0044
469,21/12/2019,930.0074,50.003,100.0096,6431.1033,40.0066,77.0075,78.0047
470,22/12/2019,833.1084,36.0055,79.0059,3408.155,32.004,52.0065,53.0017
471,23/12/2019,351.0788,-10.9941,82.0098,3361.429,55.0059,69.0064,70.0036
472,24/12/2019,287.1119,11.9994,70.0077,2313.3048,47.0044,49.0048,50.0039
473,25/12/2019,231.0948,24.0055,64.0095,334.5134,72.0048,84.0046,85.0023
474,26/12/2019,328.0933,21.0037,76.0083,5165.1098,66.0049,85.0072,86.007
475,27/12/2019,261.0426,55.0039,96.0097,3441.4821,57.007,73.0084,74.0031
476,28/12/2019,1148.0058,-9.9969,80.0055,1235.2505,72.0028,37.0049,38.0018
477,29/12/2019,968.0525,0.0036,65.0098,224.1573,60.0027,47.0041,48.0037
478,30/12/2019,729.0647,2.0006,68.0097,6104.0459,58.0053,83.0086,84.0061
479,31/12/2019,1027.0791,20.0057,55.0075,5579.5107,32.0036,81.0052,82.0071
480,1/1/2020,107.0943,13,57.0073,3306.4022,67.0044,63.0078,64.002
481,2/1/2020,550.1024,19.0032,65.0075,2618.366,57.0043,44.0087,45.0029
482,3/1/2020,566.1163,15.9993,100.0081,1853.6185,72.0077,83.0034,84.0014
483,4/1/2020,239.0992,-13.0012,101.0076,915.1794,28.0026,54.0045,55.0053
484,5/1/2020,770.03,57.0037,60.0061,4552.5628,65.0063,89.0054,90.0088
485,6/1/2020,973.11,-7.9977,59.0055,627.2511,71.0052,41.0049,42.004
486,7/1/2020,405.1142,38.0058,67.0062,4209.0632,76.0028,43.0082,44.004
487,8/1/2020,518.0799,-3.0011,88.0095,4548.3339,34.0052,41.0086,42.0018
488,9/1/2020,160.0804,23.0021,61.0063,1338.3666,64.003,65.0039,66.0026
489,10/1/2020,6.1042,54.0037,71.0099,4352.2392,72.007,81.007,82.0065
490,11/1/2020,53.0321,63.0008,55.0096,4529.1334,77.004,74.0059,75.0046
491,12/1/2020,1007.0257,33.005,96.0056,2997.2164,61.0044,62.0045,63.0053
492,13/1/2020,131.0489,47.0021,64.0059,5395.4818,68.007,86.0038,87.0064
493,14/1/2020,560.0481,12.0061,88.0074,6049.2248,58.0038,36.0042,37.0024
494,15/1/2020,850.0029,-0.9961,75.0096,5743.3346,72.005,87.0074,88.0071
495,16/1/2020,499.0313,12.0017,88.0092,2091.264,54.0066,70.0045,71.0067
496,17/1/2020,429.0331,13.0017,64.0097,188.5282,72.0038,35.0062,36.0027
497,18/1/2020,511.0591,39.0044,82.0076,6594.6247,70.0032,79.0059,80.0047
498,19/1/2020,738.0199,27.0052,88.0055,4122.3244,66.0051,86.0054,87.0083
499,20/1/2020,643.1097,63.0024,70.0057,1197.179,33.0069,88.0066,89.0085
500,21/1/2020,866.0341,48.9998,87.0082,2888.6481,59.0053,77.0039,78.0055
501,22/1/2020,8.02,37.005,64.0072,3503.5359,25.0026,35.0078,36.0027
502,23/1/2020,315.0359,-8.9942,90.0071,5822.5823,28.0039,73.0051,74.0065
503,24/1/2020,308.1004,-2.9988,60.0063,4511.6093,61.0067,72.0073,73.0031
504,25/1/2020,110.0145,-8.9949,64.0087,2839.1671,62.0036,35.0082,36.0023
505,26/1/2020,516.085,53,69.0082,1645.5007,40.0053,44.0072,45.0034
506,27/1/2020,116.0526,43.0031,72.0056,286.4223,41.0057,72.0053,73.0027
507,28/1/2020,933.0288,20.9987,57.0086,4819.6486,44.0067,83.008,84.0068
508,29/1/2020,537.1065,-6.9993,69.0094,1086.2233,75.0061,87.0034,88.0076
509,30/1/2020,202.1107,-5.0012,81.0084,3967.166,48.0059,57.0058,58.0032
510,31/1/2020,1139.0972,63.0034,59.006,1294.3514,27.0054,88.0079,89.0059
511,1/2/2020,534.0448,36.001,64.0066,699.5499,30.0035,49.0079,50.0017
512,2/2/2020,395.0767,54.0002,71.0085,2195.1811,29.0069,54.0077,55.0025
513,3/2/2020,1087.0341,41.0054,73.0079,3290.6597,66.0043,47.0056,48.0025
514,4/2/2020,506.0878,-10.9995,96.0101,4796.2307,35.0027,76.0059,77.0055
515,5/2/2020,541.0627,54.0017,68.0091,5163.4931,41.0027,52.0064,53.0021
516,6/2/2020,864.1016,33.9992,97.0093,5858.5486,65.003,72.0085,73.0021
517,7/2/2020,138.0858,7.0062,61.0063,3664.0302,66.0059,72.0044,73.003
518,8/2/2020,90.0675,63.0059,89.008,3584.2109,34.0049,86.0085,87.0056
519,9/2/2020,1152.0762,28.0051,89.006,2180.3317,37.0032,55.0046,56.0033
520,10/2/2020,626.048,48.0052,60.0101,5421.355,59.0048,77.0085,78.0047
521,11/2/2020,513.0959,46.004,96.0055,4601.3074,40.0063,82.0038,83.0071
522,12/2/2020,1017.0763,-12.0001,91.0064,4026.4249,61.0076,34.0077,35.0029
523,13/2/2020,501.1068,3.0019,68.0072,1394.0422,52.0058,67.0044,68.0065
524,14/2/2020,1094.0614,39.0037,59.0055,5132.0659,32.0028,52.0056,53.0046
525,15/2/2020,156.0774,17.9986,97.0072,4919.5923,28.0061,78.0062,79.0048
526,16/2/2020,673.023,59.0034,60.01,424.3401,48.0058,35.0076,36.0032
527,17/2/2020,229.0188,11.004,68.0064,965.2987,74.0032,36.0039,37.0034
528,18/2/2020,340.0672,12.0002,66.0068,3525.5043,45.0036,83.0043,84.0055
529,19/2/2020,982.0268,36.9991,94.0062,5450.5643,44.0036,52.0054,53.0051
530,20/2/2020,932.0101,-3.9956,94.0089,1023.3908,39.0044,44.0076,45.0016
531,21/2/2020,871.11,-0.9967,57.0067,4597.2072,59.0069,75.006,76.0069
532,22/2/2020,167.0758,39.006,76.0056,2664.3037,52.0052,80.0059,81.0036
533,23/2/2020,1017.0305,47.002,101.0069,6108.0319,57.0052,62.0054,63.0046
534,24/2/2020,675.02,60.0059,94.0077,5514.1116,67.0057,77.0043,78.0047
535,25/2/2020,273.1014,8.9994,88.0098,1178.22,29.005,58.0081,59.0017
536,26/2/2020,468.062,42.0061,60.0086,6567.2191,57.005,83.0083,84.0021
537,27/2/2020,815.0669,3.0017,98.0065,5697.0371,54.0059,44.0087,45.0018
538,28/2/2020,260.0751,51.0059,68.0061,5808.2415,38.0065,80.0061,81.0079
539,29/2/2020,576.0964,0.0047,88.0087,3327.527,65.0075,42.0055,43.004
540,1/3/2020,259.0687,58.0043,68.0095,3476.2398,56.0065,61.0052,62.0046
541,2/3/2020,868.027,10.0054,61.0096,5269.4438,67.0073,55.0057,56.0055
542,3/3/2020,1116.0118,5.0038,59.0074,3276.3734,40.0027,84.006,85.0065
543,4/3/2020,6.0222,29.9995,67.0101,4171.5639,37.0049,63.0065,64.0051
544,5/3/2020,314.0842,25.0015,88.0079,5296.3819,53.0052,86.0035,87.0014
545,6/3/2020,127.0738,58.0019,93.0095,1209.6091,31.0058,45.0083,46.0032
546,7/3/2020,921.0878,8.0004,67.0094,4666.3511,70.0026,63.0048,64.0032
547,8/3/2020,587.078,-7.9957,101.0101,1767.1472,52.0044,75.0041,76.006
548,9/3/2020,462.1136,13.0013,98.0096,4216.384,52.0052,87.0065,88.0071
549,10/3/2020,994.1147,5.0017,77.0074,4922.2346,42.0064,85.0036,86.0076
550,11/3/2020,183.0863,46.0015,73.0061,2573.5751,42.0051,34.007,35.0019
551,12/3/2020,569.0751,57.0049,57.0101,2129.3239,55.0051,38.0055,39.0036
552,13/3/2020,985.056,42.0054,99.0094,2131.3476,70.0075,73.0067,74.0057
553,14/3/2020,275.023,8,84.0068,5200.4154,68.0077,62.0038,63.005
554,15/3/2020,310.1074,45.9995,71.0066,3010.3688,70.0035,64.0057,65.0045
555,16/3/2020,514.0115,34.0011,79.0066,248.6247,77.0033,69.0043,70.0062
556,17/3/2020,315.1104,16.0048,75.0067,1079.0205,28.0045,34.0034,35.0015
557,18/3/2020,608.0132,24.004,81.0087,1741.6452,53.0054,72.0081,73.0062
558,19/3/2020,423.0276,22.0037,61.0069,3164.0551,46.004,38.0049,39.0018
559,20/3/2020,253.0538,-9.999,68.0072,5455.4425,57.0025,40.0043,41.003
560,21/3/2020,1113.0671,-12.9955,89.0094,5383.3977,76.0075,88.0063,89.0053
561,22/3/2020,1152.0107,59.0056,84.0064,6667.5781,37.0026,75.0073,76.0044
562,23/3/2020,711.081,29.0044,68.0082,1419.3651,26.0067,86.0087,87.0028
563,24/3/2020,670.0303,-12.9994,101.0073,1471.1479,76.0068,44.0072,45.0031
564,25/3/2020,408.1047,-6.9984,78.008,2426.1676,76.006,35.0083,36.0023
565,26/3/2020,1148.047,47.0054,100.008,4063.2811,68.004,78.0037,79.0043
566,27/3/2020,181.0013,35.0031,59.0066,6634.4838,53.0054,40.0086,41.0031
567,28/3/2020,294.061,18.006,66.0081,885.2282,61.0056,74.0043,75.002
568,29/3/2020,542.0083,5.0062,58.0096,5979.5273,32.0077,81.0086,82.0066
569,30/3/2020,307.0861,25.9992,57.0088,4025.1838,49.0073,86.0078,87.0025
570,31/3/2020,36.0065,38.9989,98.0082,3161.5649,53.0063,64.0084,65.0043
571,1/4/2020,277.0516,-3.9949,96.0059,4125.3188,25.0073,44.0078,45.0041
572,2/4/2020,753.0629,54.0057,63.0075,5964.2752,31.005,82.0055,83.0053
573,3/4/2020,477.0033,55.0009,98.007,2129.4772,49.0047,38.0082,39.0038
574,4/4/2020,91.0319,35.0006,74.0066,914.1975,52.0036,55.0051,56.0054
575,5/4/2020,1001.102,12.0022,96.006,2805.4012,65.0074,78.0082,79.0054
576,6/4/2020,741.0736,19.9987,69.0087,4519.0849,57.0026,79.0053,80.0063
577,7/4/2020,1.0941,56.0031,94.0069,3117.2755,57.0058,34.0053,35.0019
578,8/4/2020,140.0364,63.006,64.0066,2345.6452,33.004,85.0069,86.0063
579,9/4/2020,759.0298,47.0028,97.0093,3228.0316,71.0051,89.0043,90.0018
580,10/4/2020,132.0097,56.9996,98.0096,1674.4364,65.0028,42.0081,43.0035
581,11/4/2020,910.0898,25.0055,86.0074,5111.1479,47.0045,79.0084,80.0024
582,12/4/2020,1136.0725,42.9998,91.0065,3718.3727,46.0039,80.0049,81.0017
583,13/4/2020,541.0498,19.0041,67.0057,3453.5224,52.0064,86.0063,87.0021
584,14/4/2020,88.0871,31.0006,72.0085,4611.5291,33.0068,54.0039,55.0043
585,15/4/2020,549.0038,31.0006,96.0073,3701.1794,46.0049,45.0063,46.0021
586,16/4/2020,574.0368,-5.9973,89.0091,2980.1007,63.0039,78.0059,79.002
587,17/4/2020,1129.0587,58.0043,69.0084,2360.3274,67.0038,87.0085,88.0053
588,18/4/2020,1038.0841,-1.9989,77.01,6416.0455,67.0056,71.0063,72.0066
589,19/4/2020,2.0087,4.0001,84.0093,2152.5546,42.004,69.0051,70.0062
590,20/4/2020,489.0589,13.0049,55.0065,1026.0744,73.0036,63.004,64.0025
591,21/4/2020,387.0137,14.0061,59.0093,1672.5227,55.0063,54.0063,55.0028
592,22/4/2020,707.0132,42.0012,63.0101,2578.0854,47.0032,35.0072,36.0024
593,23/4/2020,1158.0129,22.9992,95.0073,5102.2769,52.0032,48.0043,49.0022
594,24/4/2020,826.0124,40.0046,67.006,794.2357,57.0026,50.0069,51.0017
595,25/4/2020,547.0738,42.0044,99.0087,3103.1972,25.0065,38.0044,39.0035
596,26/4/2020,169.0944,60.0053,78.0059,2580.0628,47.0055,34.0076,35.0027
597,27/4/2020,446.0203,60.0022,56.01,5128.3114,46.0072,84.0059,85.0066
598,28/4/2020,28.0847,49.0058,101.0101,6246.1115,32.0029,88.0042,89.0076
599,29/4/2020,269.1154,-9.0014,66.0058,6105.5006,54.0054,84.0067,85.0046
600,30/4/2020,30.0919,62.0039,77.0089,4165.5901,42.0051,52.0076,53.0035
601,1/5/2020,961.1106,37.9995,80.0099,2564.5208,43.0048,51.0075,52.0033
602,2/5/2020,160.0789,42.0047,100.0068,2343.1047,57.0042,84.0055,85.0053
603,3/5/2020,918.0785,-3.9946,80.0083,5600.0438,42.0032,57.0047,58.0018
604,4/5/2020,917.0833,28.002,78.0061,2383.4335,53.0077,64.0076,65.0032
605,5/5/2020,668.1156,12.0007,69.0059,1213.6391,77.0065,72.0071,73.0041
606,6/5/2020,1092.0131,28.0035,84.0061,6298.5164,69.0069,52.0082,53.005
607,7/5/2020,1129.0785,56.0042,77.0085,6205.0091,76.0071,55.0047,56.0026
608,8/5/2020,764.0407,28.0027,63.0094,3705.6375,61.0052,71.0078,72.0051
609,9/5/2020,343.0515,36.9986,99.008,430.0494,69.0059,47.0048,48.0029
610,10/5/2020,652.0899,-10.9991,69.0086,3843.0477,67.0033,49.006,50.0039
611,11/5/2020,609.0241,-13.9985,66.0062,6061.3946,36.006,89.0043,90.008
612,12/5/2020,297.1019,-10.9961,97.0094,3794.548,76.0065,65.0079,66.0016
613,13/5/2020,661.0262,-0.9973,59.009,4907.6207,75.0025,49.0086,50.0043
614,14/5/2020,700.0073,60.0039,81.0086,4279.335,76.0063,77.0052,78.0042
615,15/5/2020,505.1008,18.0047,88.0081,3877.6622,37.0065,61.0038,62.0036
616,16/5/2020,1028.0173,50.0042,76.0086,4144.3876,50.0068,61.0044,62.0047
617,17/5/2020,516.0508,44.0006,100.0058,5779.1483,40.0072,37.0048,38.0027
618,18/5/2020,798.0617,50.0014,94.0069,420.4792,76.0052,78.0073,79.0023
619,19/5/2020,169.001,52.0057,88.0062,4378.381,28.0057,54.0076,55.0033
620,20/5/2020,36.0533,-6.9979,94.009,5477.1552,46.003,81.0056,82.007
621,21/5/2020,769.0527,42.0012,90.0067,1612.6378,75.0065,58.0068,59.0024
622,22/5/2020,810.0454,56.0013,70.009,179.4749,69.007,89.0056,90.0034
623,23/5/2020,661.0217,31.0054,63.0066,3667.2201,48.0047,35.0078,36.0025
624,24/5/2020,618.1148,-8.9957,71.0073,3204.1081,66.006,43.0055,44.0022
625,25/5/2020,813.0034,19,89.0096,544.1359,52.0042,58.0035,59.0024
626,26/5/2020,873.1043,28.9992,76.0058,4142.429,49.0049,48.0039,49.0018
627,27/5/2020,468.049,32.0002,101.0083,2673.4347,76.0062,80.0059,81.0021
628,28/5/2020,969.0759,-11.0008,75.0058,5402.2458,32.0036,75.0054,76.0045
629,29/5/2020,223.0919,13.0032,76.0078,0.4802,74.0025,48.0056,49.0024
630,30/5/2020,402.1027,36.9987,55.0074,4363.3213,56.0032,36.0056,37.0035
631,31/5/2020,658.037,7.0056,95.0069,5915.244,35.0044,66.0042,67.0029
632,1/6/2020,889.0901,39.0019,93.0058,2174.2383,53.0065,37.0035,38.0016
633,2/6/2020,717.0056,15.0005,85.0089,5430.6334,42.0057,78.0072,79.0049
634,3/6/2020,1127.0495,21.0062,91.0065,3657.2098,63.0055,58.008,59.0044
635,4/6/2020,1137.0601,19.0008,57.008,2864.4192,39.0025,68.0046,69.0023
636,5/6/2020,1076.0101,37.0006,77.0065,5610.3652,61.0037,55.0085,56.0031
637,6/6/2020,878.074,-12.9999,82.008,5525.6673,60.0046,85.0077,86.0045
638,7/6/2020,1092.0181,25.0042,71.0086,118.07,40.0029,72.0035,73.002
639,8/6/2020,331.0201,61.9986,69.0089,1022.0292,25.0038,70.0074,71.0059
640,9/6/2020,863.1131,-3.9999,82.0095,891.5518,68.0039,55.0039,56.0055
641,10/6/2020,106.0433,36.9993,82.0069,6409.4236,64.0071,37.0085,38.0036
642,11/6/2020,85.0316,26.0036,64.0081,1779.11,44.0065,41.0076,42.0032
643,12/6/2020,74.034,40.0025,83.0078,1402.1549,43.0057,78.005,79.004
644,13/6/2020,747.0239,44.0052,59.0071,1272.5568,36.004,77.0052,78.007
645,14/6/2020,935.0813,0.9986,90.0091,6461.5673,48.0026,77.0039,78.0053
646,15/6/2020,828.061,33.0033,83.006,5669.1334,38.0044,43.006,44.0041
647,16/6/2020,526.0194,43.0021,77.0055,6465.1406,34.0051,56.0051,57.0022
648,17/6/2020,362.0137,-7.9963,65.0076,2726.0141,29.0055,49.008,50.0049
649,18/6/2020,401.0191,26.0019,80.0075,4932.532,25.0026,74.0039,75.005
650,19/6/2020,885.0222,32.0049,95.0078,195.3766,41.0038,72.0055,73.0032
651,20/6/2020,59.0577,46.0005,98.0059,212.1344,38.0028,82.0082,83.0061
652,21/6/2020,212.1135,15.0023,91.0087,6381.2665,30.0028,49.0079,50.0032
653,22/6/2020,1124.0436,37.0054,64.0075,1926.4033,63.0026,53.0059,54.0023
654,23/6/2020,759.0948,55.005,87.0055,1353.3314,76.0036,39.006,40.0025
655,24/6/2020,773.0247,12.0003,73.0058,4746.0005,58.0036,76.0065,77.0034
656,25/6/2020,658.085,59.9988,76.0081,459.0406,25.0057,65.0081,66.0034
657,26/6/2020,498.0293,8.9995,65.01,4749.011,51.0053,54.0041,55.0026
658,27/6/2020,159.1043,-10.9964,83.0064,5581.3018,53.0026,65.0058,66.0039
659,28/6/2020,349.034,15.0002,59.0066,1962.3279,37.0061,66.0085,67.0031
660,29/6/2020,97.0892,37.0041,86.0087,314.1616,37.0032,55.0078,56.002
661,30/6/2020,56.0813,30.9996,95.0075,1292.2325,63.0047,61.0046,62.0031
662,1/7/2020,69.0528,18.0009,65.0057,3056.1468,46.0034,54.0035,55.004
663,2/7/2020,11.0634,-10.999,86.0056,770.3336,77.0027,38.0068,39.0035
664,3/7/2020,877.0466,-4.0005,73.0059,2143.1346,54.0038,64.0081,65.002
665,4/7/2020,748.058,6.9994,90.0063,1379.4711,38.0057,77.0062,78.0031
666,5/7/2020,311.0515,49.0046,101.0093,3514.0453,76.006,85.0073,86.0049
667,6/7/2020,937.0581,40.9987,70.0067,2305.1688,37.0068,74.0047,75.0071
668,7/7/2020,173.0603,21.0037,90.0068,2250.5566,77.0028,47.0054,48.004
669,8/7/2020,80.0675,22.0041,95.0098,1196.0698,28.0075,61.0088,62.0035
670,9/7/2020,489.0884,-0.9947,101.0067,2892.1855,25.0063,88.0042,89.0068
671,10/7/2020,600.0433,32.9998,85.0085,4548.599,65.0057,60.007,61.005
672,11/7/2020,858.0145,4.9995,101.0058,6379.4443,73.004,42.004,43.0042
673,12/7/2020,321.0206,8.0049,57.0065,6435.5593,38.0046,69.0079,70.0057
674,13/7/2020,276.0846,2.0038,62.0087,3290.0691,70.0053,52.0086,53.0032
675,14/7/2020,429.1037,27.0018,92.0101,2175.2237,31.0047,67.0073,68.0039
676,15/7/2020,355.0079,57.0031,63.0065,6253.4173,53.0048,48.0079,49.0034
677,16/7/2020,439.0988,29.0033,85.0065,5101.5748,57.0075,71.0067,72.0018
678,17/7/2020,1098.0325,-5.9947,71.0085,3652.6516,78.0076,83.0045,84.0014
679,18/7/2020,634.061,29.0026,93.0061,5088.5233,26.005,89.0054,90.0035
680,19/7/2020,873.009,35.0014,63.0097,4257.2787,36.0074,76.0072,77.0058
681,20/7/2020,405.0957,14.0057,81.0062,2014.4885,71.0075,70.0045,71.0045
682,21/7/2020,587.0663,-2.9984,82.0083,1847.2496,62.0057,45.0041,46.0026
683,22/7/2020,1061.0157,34.002,76.0091,3452.1984,47.0042,42.0062,43.0021
684,23/7/2020,747.0634,33.0004,73.007,3679.4851,67.0066,81.0074,82.0055
685,24/7/2020,720.0499,63.0013,63.0099,4997.215,68.0043,57.0088,58.005
686,25/7/2020,787.1121,40.9993,71.0073,3204.6148,71.0041,48.0054,49.0047
687,26/7/2020,938.0597,19.0029,79.0074,5711.242,78.0041,82.0042,83.0072
688,27/7/2020,1096.0425,20.0044,56.008,1856.4898,75.0037,39.0043,40.0018
689,28/7/2020,714.1019,-7.9987,97.0089,2751.6455,56.0049,55.0044,56.0032
690,29/7/2020,651.0763,-13.9975,101.0069,3028.0876,48.0032,89.0043,90.0089
691,30/7/2020,743.063,30.0029,62.0071,1565.256,50.0058,83.0046,84.0045
692,31/7/2020,1037.1047,27.0035,90.0091,6372.0493,51.0028,48.0051,49.0045
693,1/8/2020,783.096,-9.9966,80.0088,878.6272,75.0073,57.0085,58.0028
694,2/8/2020,82.0449,31.0022,57.0081,1157.4198,64.0051,68.0058,69.0057
695,3/8/2020,206.022,18.0037,97.0079,6247.4883,66.0055,70.0043,71.0044
696,4/8/2020,430.0776,42.0019,70.0098,1746.491,42.0055,34.0061,35.002
697,5/8/2020,683.0307,43.0043,91.0086,4606.6167,47.0034,75.0036,76.002
698,6/8/2020,417.0168,32.0046,57.0063,4701.5255,51.0052,48.0085,49.0023
699,7/8/2020,977.0025,-7.9993,89.0056,4296.4641,37.0074,42.0037,43.0024
700,8/8/2020,754.0036,4.0049,67.0087,3973.3793,70.0077,79.0035,80.0056
701,9/8/2020,824.0427,-8.0006,66.0061,6566.3753,49.0036,60.0063,61.0049
702,10/8/2020,497.0145,12.0059,85.0055,3497.2758,60.0038,70.004,71.0052
703,11/8/2020,61.0006,58.0063,77.0077,2779.6527,30.0061,86.0058,87.0053
704,12/8/2020,1084.0193,19.001,98.0067,5018.2874,37.0063,48.0035,49.0033
705,13/8/2020,389.0435,21.006,77.0069,1162.5983,27.0065,89.0061,90.003
706,14/8/2020,298.0671,3.9988,91.0055,5748.22,46.0072,44.0068,45.002
707,15/8/2020,81.0073,48.0021,81.0092,2789.106,58.0037,62.0084,63.0046
708,16/8/2020,840.0659,36,81.01,511.5751,50.0069,40.0087,41.002
709,17/8/2020,646.1119,57.9989,93.0086,2620.2123,49.0046,69.0086,70.0067
710,18/8/2020,103.0964,3.9991,71.0089,5356.3731,36.0054,83.0074,84.0044
711,19/8/2020,354.0948,5.0044,97.0096,1925.5473,45.0075,84.0087,85.0021
712,20/8/2020,361.1041,31.0015,83.0057,1059.3144,59.0037,54.0085,55.0043
713,21/8/2020,797.0134,16.0004,82.0065,2342.0376,45.0053,57.0038,58.0037
714,22/8/2020,1160.0154,32.0058,65.0068,398.2687,68.0061,37.0088,38.0022
715,23/8/2020,824.0356,39.0044,97.0067,5973.1571,69.0036,75.0084,76.003
716,24/8/2020,354.0622,12.0007,76.007,2523.5921,29.0075,65.0086,66.0054
717,25/8/2020,480.1158,57.0059,55.0079,5049.4166,46.0061,36.0069,37.0032
718,26/8/2020,861.0776,56.0062,76.0091,575.4836,78.0052,69.0082,70.0043
719,27/8/2020,385.0638,54.9991,77.0064,6549.4668,50.0043,89.0054,90.0082
720,28/8/2020,998.0811,-3.994,81.0089,5767.1682,57.0049,53.0082,54.0036
721,29/8/2020,308.0833,25.0054,67.0056,2041.4264,48.0073,38.0054,39.0025
722,30/8/2020,857.1002,6.0046,65.0082,6161.1361,48.0051,53.0065,54.0025
723,31/8/2020,750.0302,60,66.0099,3325.587,50.0059,63.0061,64.0034
724,1/9/2020,92.0422,4.0003,98.0061,4500.6331,67.0034,73.0067,74.0069
725,2/9/2020,0.1162,34.0052,75.0065,4687.4498,50.0063,74.0046,75.007
726,3/9/2020,959.0896,36.005,85.0092,870.5214,55.003,64.0084,65.0055
727,4/9/2020,1136.0471,23.002,76.0088,4450.6493,57.007,67.0089,68.0067
728,5/9/2020,914.0846,49.0028,57.0081,4220.1863,41.0055,34.0041,35.0022
729,6/9/2020,16.099,-3.9948,59.007,2864.6451,43.0066,53.0084,54.0014
730,7/9/2020,450.0707,30.0036,95.01,3627.2,61.0032,60.0037,61.0048
731,8/9/2020,517.0698,39.9987,59.0077,5117.4214,53.0068,86.0038,87.0062
732,9/9/2020,1002.1111,-5.0012,76.0089,3893.1102,58.0052,83.0071,84.0076
733,10/9/2020,323.0162,26.0041,82.0078,2819.1184,76.0073,45.0057,46.0025
734,11/9/2020,32.0971,4.004,91.0058,1653.0572,61.0063,74.0081,75.0044
735,12/9/2020,275.0128,63.0046,66.0094,6156.6432,39.0043,69.0034,70.0033
736,13/9/2020,1088.0002,44.0002,98.0093,304.2682,32.0076,78.0083,79.0017
737,14/9/2020,563.0673,62.0047,85.0084,322.3829,30.0075,39.0037,40.003
738,15/9/2020,551.0137,-0.996,98.0066,5553.0802,56.0071,89.004,90.0033
739,16/9/2020,814.032,18.0058,97.0056,1315.4708,40.0052,62.0069,63.0061
740,17/9/2020,307.0316,61.0002,68.0055,3622.3788,55.0035,76.0066,77.002
741,18/9/2020,418.1005,37.002,101.0073,983.0344,42.0034,79.0068,80.0069
742,19/9/2020,756.068,38.0015,56.0069,5949.6622,54.0053,66.0057,67.0028
743,20/9/2020,1147.0431,55.0051,63.0067,2396.1695,48.0069,72.0071,73.0053
744,21/9/2020,402.0579,20.999,63.0056,1425.3541,38.0055,61.0062,62.0055
745,22/9/2020,7.0029,30.0054,94.0095,1206.1232,46.0034,46.0077,47.0021
746,23/9/2020,109.0454,20.0018,78.0073,521.5082,51.0038,77.006,78.0024
747,24/9/2020,346.0272,24.0035,74.0068,1709.1419,44.0028,36.0035,37.0034
748,25/9/2020,959.0444,9.0001,72.0065,3710.6254,57.0077,88.0063,89.0019
749,26/9/2020,453.089,50.9995,82.0092,4361.0436,59.0037,63.0075,64.0054
750,27/9/2020,619.0897,0.9994,59.0088,344.2919,36.0067,73.0052,74.0069
751,28/9/2020,542.1142,23.0046,59.0084,4434.4188,56.0025,57.0075,58.0049
752,29/9/2020,124.0101,6.0034,79.0084,3106.4583,61.0073,40.0072,41.0017
753,30/9/2020,831.0244,30.0017,87.0079,4059.5567,36.0041,56.0054,57.0049
754,1/10/2020,326.005,60.0022,100.009,1644.4272,74.005,88.0069,89.0088
755,2/10/2020,1052.0409,-11.9993,69.0085,4697.3917,31.0065,51.0079,52.0021
756,3/10/2020,399.0959,52.002,72.0057,3251.3333,75.0061,84.0058,85.0047
757,4/10/2020,264.0226,2.0044,67.0059,4812.4151,62.0026,37.0078,38.0031
758,5/10/2020,1152.0383,-10.9978,63.0065,3514.464,35.0038,59.0074,60.0029
759,6/10/2020,274.1094,-0.9957,77.0094,1799.1521,73.003,38.0073,39.0024
760,7/10/2020,628.0518,-7.9996,89.0087,139.0633,48.0031,64.0052,65.0018
761,8/10/2020,482.0005,32.0028,60.0089,5958.6415,66.0026,55.0041,56.0051
762,9/10/2020,520.0661,19,62.0056,2591.347,72.0072,69.0057,70.0045
763,10/10/2020,203.0985,-1.9965,66.007,2559.5186,78.0032,88.0041,89.0045
764,11/10/2020,216.018,29.0038,94.0068,3152.3814,37.0065,63.0059,64.0051
765,12/10/2020,1124.1096,-8.0013,94.0097,2403.4602,67.0062,85.0089,86.0032
766,13/10/2020,953.1027,12.0052,98.008,4042.1072,62.005,64.006,65.0035
767,14/10/2020,875.0781,43.0026,69.0062,6161.364,32.0025,58.0081,59.002
768,15/10/2020,1030.104,5.9998,82.0078,1617.64,38.0042,65.0068,66.0063
769,16/10/2020,613.0769,-7.9976,68.0081,6370.3831,61.0031,56.0053,57.0044
770,17/10/2020,310.0255,57.9995,70.0086,5941.6042,28.0057,77.0078,78.0025
771,18/10/2020,302.0982,57.0047,67.0071,6185.1785,67.0035,45.0037,46.0026
772,19/10/2020,652.0052,62.0007,77.0062,6480.2773,36.007,55.0076,56.0037
773,20/10/2020,606.0531,-5.999,93.0067,4194.4257,68.0033,53.0034,54.004
774,21/10/2020,251.0389,41.0061,58.0063,1273.3231,25.0072,38.0071,39.0033
775,22/10/2020,42.0682,44.0007,83.0097,721.0295,74.0036,46.0037,47.0016
776,23/10/2020,274.0505,61.002,99.0056,4590.4319,34.0059,64.0058,65.0048
777,24/10/2020,167.0105,-2.996,60.008,4081.0201,59.0061,42.0081,43.0024
778,25/10/2020,1034.0477,19.9999,95.0091,2744.617,42.0034,50.0086,51.0047
779,26/10/2020,676.0104,10.9996,101.0056,5282.3637,36.0063,81.0055,82.0046
780,27/10/2020,707.0167,7.0004,57.0095,1267.2393,59.0026,56.0068,57.0044
781,28/10/2020,627.0855,37,55.0057,5571.0168,58.0044,83.0061,84.0027
782,29/10/2020,846.0126,48.0004,73.0076,545.5428,75.006,57.0083,58.0051
783,30/10/2020,531.0204,59.0054,85.0079,4798.0997,52.0039,60.0062,61.0048
784,31/10/2020,49.0801,36.0025,85.0084,2964.0666,33.005,56.0079,57.0035
785,1/11/2020,75.0267,49.0059,91.0096,2577.342,64.0042,47.0084,48.0027
786,2/11/2020,461.087,-9.9952,74.0073,2762.6657,75.0034,80.0069,81.0029
787,3/11/2020,406.0039,43.006,74.006,3000.627,36.0044,57.0085,58.0031
788,4/11/2020,566.1156,49.0011,58.0072,1472.1271,30.0035,48.0038,49.002
789,5/11/2020,578.0678,-8.001,73.0066,4204.3381,60.0056,60.0034,61.0039
790,6/11/2020,490.0409,-11.9985,81.006,3071.6221,45.0045,44.0035,45.0043
791,7/11/2020,460.0486,62.0032,75.0096,2078.1256,73.0034,42.0077,43.0027
792,8/11/2020,587.0761,25,60.0092,5844.2628,66.0047,69.0083,70.0044
793,9/11/2020,1083.0144,6.0017,58.0095,2308.3462,64.006,44.0041,45.0025
794,10/11/2020,410.0866,28.004,87.0058,3078.0892,32.0032,72.0067,73.0044
795,11/11/2020,593.0615,17.0046,70.006,3998.5815,65.0074,73.0048,74.0049
796,12/11/2020,959.0925,-4.995,62.0084,5196.3031,39.0032,50.0086,51.0028
797,13/11/2020,1034.0207,54.0032,90.0097,5357.4208,60.0069,83.0051,84.0046
798,14/11/2020,78.0207,4.0004,55.0076,5981.339,61.0058,37.0086,38.0021
799,15/11/2020,535.0988,16.0046,80.006,5617.3371,46.0025,66.0061,67.0052
800,16/11/2020,932.0218,-8.9976,57.0101,2449.6679,29.0072,71.0078,72.0029
801,17/11/2020,117.0463,19.001,96.0098,3179.2556,38.0071,50.0082,51.0037
802,18/11/2020,926.0671,33.9992,98.0088,6099.4399,77.0076,81.0084,82.0022
803,19/11/2020,1048.0522,21.0055,99.0072,2005.2459,40.0062,87.0035,88.0074
804,20/11/2020,409.0578,37.0012,94.0067,1764.3169,53.0035,51.0042,52.0032
805,21/11/2020,839.0278,10.9995,68.0081,3685.3571,62.0033,57.0073,58.0015
806,22/11/2020,98.052,16.0048,86.0055,1746.6461,35.0071,83.0075,84.0056
807,23/11/2020,593.0685,26.0047,100.007,462.2682,78.0047,63.0073,64.0024
808,24/11/2020,116.0507,-2.9959,60.0094,3377.2563,65.0071,65.0054,66.0023
809,25/11/2020,79.0472,-5.9953,82.0082,4007.4539,28.0042,61.0066,62.0035
810,26/11/2020,995.0118,-3.9942,88.0096,2703.2559,69.0052,86.0043,87.0065
811,27/11/2020,1146.0633,-7.0003,87.009,303.3385,51.0045,45.0086,46.0037
812,28/11/2020,375.0181,17.001,88.0075,4928.5787,69.0035,61.0047,62.0029
813,29/11/2020,841.1163,34.9993,83.0085,1196.5387,42.004,41.0062,42.0016
814,30/11/2020,395.0821,20.9993,98.0069,6679.2367,71.0031,45.0071,46.0028
815,1/12/2020,1060.0497,3.001,57.0101,5749.0566,58.0026,50.0045,51.005
816,2/12/2020,493.0656,50.0003,101.0087,2803.6616,62.0026,34.0046,35.0021
817,3/12/2020,251.0005,-3.9967,91.0058,5910.1719,73.0072,78.0067,79.0069
818,4/12/2020,21.0022,50.0024,69.0075,21.3632,35.0071,65.0078,66.0016
819,5/12/2020,974.0332,-3.998,65.0089,125.2977,46.0047,40.0059,41.004
820,6/12/2020,248.0715,-6.9958,101.0085,6232.04,46.0071,66.0082,67.0029
821,7/12/2020,972.0602,16.0062,76.0084,3087.5019,78.0046,64.0077,65.0026
822,8/12/2020,973.0203,54.0044,56.0087,2195.0375,44.0042,77.0082,78.0073
823,9/12/2020,33.0918,55.0035,93.0064,6352.4754,33.0034,56.0051,57.0051
824,10/12/2020,753.0666,42.9991,61.0081,280.0368,65.0074,83.0049,84.0083
825,11/12/2020,84.0425,34.0062,95.0082,4984.3284,69.0031,43.0048,44.0043
826,12/12/2020,567.003,-10.9985,63.0083,1666.3114,48.0059,41.0035,42.0024
827,13/12/2020,1154.082,42.0005,56.0086,4327.6543,75.0069,64.0087,65.0029
828,14/12/2020,39.0633,-9.9957,87.0094,2966.1037,54.0075,62.0055,63.0053
829,15/12/2020,818.0806,-6.9972,96.0066,770.0539,32.0064,34.0061,35.0033
830,16/12/2020,57.1081,28.0052,84.007,4377.1459,33.0041,42.0078,43.002
831,17/12/2020,1148.1053,15.0027,57.0098,4043.1586,59.0066,60.0083,61.0053
832,18/12/2020,259.0337,30.0046,69.0096,753.5433,26.0065,80.0087,81.0079
833,19/12/2020,596.0638,10.9995,79.0086,3472.206,54.0048,54.0038,55.0033
834,20/12/2020,329.1046,18.0019,67.0063,4457.2413,50.0038,76.0053,77.0036
835,21/12/2020,808.1098,25.002,94.007,174.1174,43.005,79.0063,80.0028
836,22/12/2020,1064.0136,14.0033,60.0064,6451.1411,36.004,47.0076,48.0036
837,23/12/2020,630.0995,60.0042,94.0072,6026.6641,61.0073,69.0079,70.0044
838,24/12/2020,193.0333,6.0025,62.0058,2560.5032,27.0044,62.0088,63.0043
839,25/12/2020,29.0445,58.001,84.008,1843.4964,61.0033,66.0088,67.0051
840,26/12/2020,81.0609,-8.9988,82.0068,3592.4458,41.0067,67.0089,68.002
841,27/12/2020,527.0259,-12.998,62.0091,3138.3188,74.0072,65.0037,66.006
842,28/12/2020,411.0019,25.0045,69.0078,5711.3537,71.0062,38.0055,39.0038
843,29/12/2020,1136.0554,4.0043,93.0089,180.5094,45.003,37.0068,38.0014
844,30/12/2020,814.0302,16.0007,57.01,1332.1657,69.0072,70.0035,71.0058
845,31/12/2020,1010.1052,54.9994,93.0098,1664.2839,37.0035,37.0087,38.0028
846,1/1/2021,1084.1077,-12.9947,92.0065,1654.6306,75.0051,35.0056,36.0024
847,2/1/2021,892.049,35.0019,62.0058,3870.0293,48.0075,56.0051,57.0037
848,3/1/2021,241.0954,29.9993,88.0055,1158.5641,41.004,39.0057,40.0032
849,4/1/2021,558.0331,18.9989,67.0097,6055.344,31.0029,69.0082,70.0022
850,5/1/2021,1156.0895,61.0055,92.0062,212.3267,33.0039,64.0051,65.0038
851,6/1/2021,426.0509,46.9994,89.0069,170.2296,77.0076,53.0063,54.0051
852,7/1/2021,167.1136,15.002,89.0072,879.5593,39.0073,70.0037,71.0023
853,8/1/2021,865.0206,61.0014,98.0084,830.654,48.007,53.0081,54.0033
854,9/1/2021,1016.033,34.0037,99.0073,5861.1582,51.0025,82.0079,83.0021
855,10/1/2021,501.0243,11.0045,98.0078,398.2128,72.007,40.0086,41.0018
856,11/1/2021,151.0142,-9.0007,81.0068,3312.0301,60.005,65.0074,66.0043
857,12/1/2021,251.0139,26.999,95.0062,4208.1358,36.0066,36.0051,37.0015
858,13/1/2021,548.0728,37.0036,69.0059,980.5672,56.0041,74.0045,75.0074
859,14/1/2021,312.0001,27.0037,89.0062,1551.4399,65.0074,65.0052,66.0035
860,15/1/2021,749.0174,-5.9984,55.0073,6361.5939,27.0078,59.0085,60.0038
861,16/1/2021,31.0627,45.0053,98.0097,6084.1022,48.0037,51.0066,52.003
862,17/1/2021,822.1151,41.0049,55.0088,1186.303,67.0071,43.0079,44.0023
863,18/1/2021,171.0676,56.0023,101.007,5833.3347,60.0048,85.0049,86.0083
864,19/1/2021,1112.0176,-5.9991,90.0062,3810.6054,65.0063,58.0034,59.0041
865,20/1/2021,466.0997,8.0063,58.0059,5667.3147,50.0042,67.0059,68.0027
866,21/1/2021,955.0425,3.0034,82.0057,5883.6395,69.005,47.0087,48.0037
867,22/1/2021,388.0295,47.0005,92.0084,4699.002,27.0072,88.0068,89.0076
868,23/1/2021,975.0127,44.0057,93.0098,6335.491,27.0028,67.0044,68.0019
869,24/1/2021,579.0984,35.0013,67.0055,2527.1977,54.005,74.005,75.002
870,25/1/2021,184.0621,54.0014,59.0059,1332.327,73.004,76.0056,77.0033
871,26/1/2021,678.1096,2.0061,81.009,5059.4298,68.0052,36.0035,37.0021
872,27/1/2021,775.0053,6.0052,59.0057,4468.3005,49.0076,35.0049,36.0035
873,28/1/2021,23.0407,23.0003,96.0098,1425.5472,45.0078,56.0058,57.003
874,29/1/2021,529.0335,19.0054,61.006,5140.0068,28.0069,77.0068,78.0065
875,30/1/2021,970.1134,-0.9939,76.0057,4235.3723,36.0054,89.0046,90.0074
876,31/1/2021,25.0798,-0.9996,61.0068,799.1051,72.0049,75.0046,76.0024
877,1/2/2021,930.1027,41.002,90.0081,4156.1316,57.0061,46.0064,47.0043
878,2/2/2021,1093.0152,62.0005,71.0067,3864.0963,77.0042,68.0087,69.0016
879,3/2/2021,648.0662,50.0048,71.0095,3205.5403,53.0057,44.0083,45.0032
880,4/2/2021,172.0298,30.0027,62.0084,1936.295,46.0043,37.0044,38.0023
881,5/2/2021,259.0323,44.0017,98.007,3674.6093,70.006,77.0066,78.0046
882,6/2/2021,847.0438,33.0011,96.01,5213.3675,36.0047,75.0064,76.0059
883,7/2/2021,266.0918,20.999,79.0092,4038.2506,53.0033,43.0056,44.0018
884,8/2/2021,207.0189,12.0049,72.0101,5241.1754,40.0034,46.0053,47.0018
885,9/2/2021,65.036,45.9986,78.0101,6398.5604,43.0029,55.0074,56.0045
886,10/2/2021,1121.0526,40.0045,75.0077,6572.1127,71.0077,52.005,53.0041
887,11/2/2021,775.0286,9.0056,79.0065,993.3724,44.0076,40.0067,41.0019
888,12/2/2021,571.0119,-3.9953,66.01,2770.4523,33.0056,36.0066,37.0028
889,13/2/2021,38.0035,-12.998,93.0086,4761.3632,49.0038,66.0038,67.0036
890,14/2/2021,492.0764,9.004,75.0069,3693.3317,28.0064,76.0086,77.0051
891,15/2/2021,1013.0603,53.0058,71.0089,1693.2253,38.0067,67.0088,68.0019
892,16/2/2021,915.0784,58.001,92.0061,5222.3757,72.0048,47.0083,48.0024
893,17/2/2021,908.0036,53.0021,77.0067,3620.109,54.0071,81.0044,82.008
894,18/2/2021,1070.1088,21.0001,75.007,2756.4739,42.0067,66.0069,67.0036
895,19/2/2021,760.0307,61.0012,86.0077,50.3161,29.0074,64.0035,65.006
896,20/2/2021,542.1141,25.999,69.0101,6369.149,57.0055,84.0071,85.0029
897,21/2/2021,897.0891,33.9997,92.0061,5863.3279,47.0044,64.0057,65.0046
898,22/2/2021,342.0731,-8.0009,85.0098,3388.6187,72.0031,69.0066,70.0053
899,23/2/2021,1061.0992,40.9997,68.0071,2133.0412,30.0072,37.0048,38.0036
900,24/2/2021,1116.0755,54.9995,81.0091,6003.0503,52.0055,69.0062,70.003
901,25/2/2021,213.0277,6.006,63.0069,5190.1433,70.0044,88.0044,89.0045
902,26/2/2021,186.0527,27.0057,60.0087,1465.0465,49.0066,56.0068,57.002
903,27/2/2021,457.003,34.0046,60.0073,5680.2931,27.0029,40.0037,41.0034
